-- phpMyAdmin SQL Dump
-- version 4.6.5.2
-- https://www.phpmyadmin.net/
--
-- Host: localhost:3306
-- Generation Time: Mar 09, 2017 at 11:30 PM
-- Server version: 5.7.16
-- PHP Version: 7.1.0

SET SQL_MODE = "NO_AUTO_VALUE_ON_ZERO";
SET time_zone = "+00:00";


/*!40101 SET @OLD_CHARACTER_SET_CLIENT=@@CHARACTER_SET_CLIENT */;
/*!40101 SET @OLD_CHARACTER_SET_RESULTS=@@CHARACTER_SET_RESULTS */;
/*!40101 SET @OLD_COLLATION_CONNECTION=@@COLLATION_CONNECTION */;
/*!40101 SET NAMES utf8mb4 */;

--
-- Database: `todo`
--

-- --------------------------------------------------------

--
-- Table structure for table `ci_sessions`
--

DROP TABLE IF EXISTS `ci_sessions`;
CREATE TABLE `ci_sessions` (
  `id` varchar(128) NOT NULL,
  `ip_address` varchar(45) NOT NULL,
  `timestamp` int(10) UNSIGNED NOT NULL DEFAULT '0',
  `data` blob NOT NULL
) ENGINE=InnoDB DEFAULT CHARSET=utf8;

--
-- Dumping data for table `ci_sessions`
--

INSERT INTO `ci_sessions` (`id`, `ip_address`, `timestamp`, `data`) VALUES
('2rppvq54fq6cu05pl27hce885me7ghbu', '127.0.0.1', 1489127494, 0x5f5f63695f6c6173745f726567656e65726174657c693a313438393132373338363b75736572726f6c657c733a353a224f776e6572223b7461736b7c4f3a383a22737464436c617373223a383a7b733a323a226964223b733a303a22223b733a343a227461736b223b733a303a22223b733a383a227072696f72697479223b733a303a22223b733a343a2273697a65223b733a303a22223b733a353a2267726f7570223b733a303a22223b733a383a22646561646c696e65223b733a303a22223b733a363a22737461747573223b733a303a22223b733a343a22666c6167223b733a303a22223b7d),
('3k1m064mb6me6o249gf56hkqajc3bi2r', '127.0.0.1', 1489127576, 0x5f5f63695f6c6173745f726567656e65726174657c693a313438393132373532383b),
('4bh1sgvafcei6f7s54g72ueph14g9p4r', '127.0.0.1', 1489125654, 0x5f5f63695f6c6173745f726567656e65726174657c693a313438393132353635343b),
('6744smnf1ink1chle6vpa0jh178dvbm0', '127.0.0.1', 1489128189, 0x5f5f63695f6c6173745f726567656e65726174657c693a313438393132373934353b75736572726f6c657c733a353a224f776e6572223b7461736b7c4f3a383a22737464436c617373223a383a7b733a323a226964223b733a313a2231223b733a343a227461736b223b733a31393a22434f4d50313233342061737369676e6d656e74223b733a383a227072696f72697479223b733a313a2233223b733a343a2273697a65223b733a313a2232223b733a353a2267726f7570223b733a313a2232223b733a383a22646561646c696e65223b733a383a223230313730323139223b733a363a22737461747573223b733a313a2231223b733a343a22666c6167223b733a303a22223b7d),
('6m2pdnphnsf3q6ck949s093pjfbukou0', '127.0.0.1', 1489129735, 0x5f5f63695f6c6173745f726567656e65726174657c693a313438393132393733353b75736572726f6c657c733a353a224f776e6572223b7461736b7c4f3a383a22737464436c617373223a383a7b733a323a226964223b733a303a22223b733a343a227461736b223b733a303a22223b733a383a227072696f72697479223b733a303a22223b733a343a2273697a65223b733a303a22223b733a353a2267726f7570223b733a303a22223b733a383a22646561646c696e65223b733a303a22223b733a363a22737461747573223b733a303a22223b733a343a22666c6167223b733a303a22223b7d),
('7go5a9flfq47klmq5t8kbvt2nsshhts8', '127.0.0.1', 1489129736, 0x5f5f63695f6c6173745f726567656e65726174657c693a313438393132393733353b75736572726f6c657c733a353a224f776e6572223b7461736b7c4f3a383a22737464436c617373223a383a7b733a323a226964223b733a303a22223b733a343a227461736b223b733a303a22223b733a383a227072696f72697479223b733a303a22223b733a343a2273697a65223b733a303a22223b733a353a2267726f7570223b733a303a22223b733a383a22646561646c696e65223b733a303a22223b733a363a22737461747573223b733a303a22223b733a343a22666c6167223b733a303a22223b7d),
('8f646p59h403lqcta341ssshuuv8iu80', '127.0.0.1', 1489128284, 0x5f5f63695f6c6173745f726567656e65726174657c693a313438393132383139323b75736572726f6c657c733a353a224f776e6572223b),
('e82epf977sq9a5s4dg3va976g3ialmnk', '127.0.0.1', 1489130948, 0x5f5f63695f6c6173745f726567656e65726174657c693a313438393133303934323b75736572726f6c657c733a353a224f776e6572223b),
('ioael5era11iu43f6u4utoac503q7dvp', '127.0.0.1', 1489127945, 0x5f5f63695f6c6173745f726567656e65726174657c693a313438393132373934353b75736572726f6c657c733a353a224f776e6572223b7461736b7c4f3a383a22737464436c617373223a383a7b733a323a226964223b733a303a22223b733a343a227461736b223b733a303a22223b733a383a227072696f72697479223b733a303a22223b733a343a2273697a65223b733a303a22223b733a353a2267726f7570223b733a303a22223b733a383a22646561646c696e65223b733a303a22223b733a363a22737461747573223b733a303a22223b733a343a22666c6167223b733a303a22223b7d),
('njn4s5iajdgfgh0hb260areq7f9cq2b6', '127.0.0.1', 1489126618, 0x5f5f63695f6c6173745f726567656e65726174657c693a313438393132363631383b75736572726f6c657c733a353a224775657374223b),
('noo999agsbosqogh9ag6ee2c6ptvqsgb', '127.0.0.1', 1489130942, 0x5f5f63695f6c6173745f726567656e65726174657c693a313438393133303934323b75736572726f6c657c733a353a224775657374223b),
('pc7cqsmj474cg3bhkok62p2mg2ppmv2t', '127.0.0.1', 1489125655, 0x5f5f63695f6c6173745f726567656e65726174657c693a313438393132353635353b),
('t725asps7hr05ilns7r9la4dnvd38ifl', '127.0.0.1', 1489127386, 0x5f5f63695f6c6173745f726567656e65726174657c693a313438393132373338363b75736572726f6c657c733a353a224f776e6572223b7461736b7c4f3a383a22737464436c617373223a383a7b733a323a226964223b733a313a2231223b733a343a227461736b223b733a31393a22434f4d50313233342061737369676e6d656e74223b733a383a227072696f72697479223b733a313a2233223b733a343a2273697a65223b733a313a2232223b733a353a2267726f7570223b733a313a2232223b733a383a22646561646c696e65223b733a383a223230313730323139223b733a363a22737461747573223b733a313a2231223b733a343a22666c6167223b733a303a22223b7d),
('v7s1lnc99kq9a55lhocjlu62g11v50jh', '127.0.0.1', 1489128802, 0x5f5f63695f6c6173745f726567656e65726174657c693a313438393132383738393b75736572726f6c657c733a353a224f776e6572223b7461736b7c4f3a383a22737464436c617373223a383a7b733a323a226964223b733a313a2237223b733a343a227461736b223b733a31393a2243616e75636b7320686f636b65792067616d65223b733a383a227072696f72697479223b733a313a2233223b733a343a2273697a65223b733a313a2233223b733a353a2267726f7570223b733a313a2234223b733a383a22646561646c696e65223b733a383a223230313730333035223b733a363a22737461747573223b733a303a22223b733a343a22666c6167223b733a303a22223b7d),
('vdmbrg5e41q5klfr29btaqb76ggjecd5', '127.0.0.1', 1489129833, 0x5f5f63695f6c6173745f726567656e65726174657c693a313438393132393833333b75736572726f6c657c733a353a224775657374223b);

-- --------------------------------------------------------

--
-- Table structure for table `flags`
--

DROP TABLE IF EXISTS `flags`;
CREATE TABLE `flags` (
  `id` int(1) NOT NULL,
  `meaning` varchar(6) DEFAULT NULL
) ENGINE=InnoDB DEFAULT CHARSET=utf8;

--
-- Dumping data for table `flags`
--

INSERT INTO `flags` (`id`, `meaning`) VALUES
(1, 'Urgent');

-- --------------------------------------------------------

--
-- Table structure for table `groups`
--

DROP TABLE IF EXISTS `groups`;
CREATE TABLE `groups` (
  `id` int(1) NOT NULL,
  `name` varchar(6) DEFAULT NULL
) ENGINE=InnoDB DEFAULT CHARSET=utf8;

--
-- Dumping data for table `groups`
--

INSERT INTO `groups` (`id`, `name`) VALUES
(1, 'house'),
(2, 'school'),
(3, 'work'),
(4, 'family');

-- --------------------------------------------------------

--
-- Table structure for table `priorities`
--

DROP TABLE IF EXISTS `priorities`;
CREATE TABLE `priorities` (
  `id` int(1) NOT NULL,
  `name` varchar(6) DEFAULT NULL
) ENGINE=InnoDB DEFAULT CHARSET=utf8;

--
-- Dumping data for table `priorities`
--

INSERT INTO `priorities` (`id`, `name`) VALUES
(1, 'low'),
(2, 'medium'),
(3, 'high');

-- --------------------------------------------------------

--
-- Table structure for table `sizes`
--

DROP TABLE IF EXISTS `sizes`;
CREATE TABLE `sizes` (
  `id` int(1) NOT NULL,
  `name` varchar(6) DEFAULT NULL
) ENGINE=InnoDB DEFAULT CHARSET=utf8;

--
-- Dumping data for table `sizes`
--

INSERT INTO `sizes` (`id`, `name`) VALUES
(1, 'small'),
(2, 'medium'),
(3, 'large');

-- --------------------------------------------------------

--
-- Table structure for table `statuses`
--

DROP TABLE IF EXISTS `statuses`;
CREATE TABLE `statuses` (
  `id` int(1) NOT NULL,
  `name` varchar(11) DEFAULT NULL
) ENGINE=InnoDB DEFAULT CHARSET=utf8;

--
-- Dumping data for table `statuses`
--

INSERT INTO `statuses` (`id`, `name`) VALUES
(1, 'in progress'),
(2, 'complete');

-- --------------------------------------------------------

--
-- Table structure for table `tasks`
--

DROP TABLE IF EXISTS `tasks`;
CREATE TABLE `tasks` (
  `id` int(2) NOT NULL,
  `task` varchar(22) DEFAULT NULL,
  `priority` int(1) DEFAULT NULL,
  `size` int(1) DEFAULT NULL,
  `group` int(1) DEFAULT NULL,
  `deadline` varchar(8) DEFAULT NULL,
  `status` varchar(1) DEFAULT NULL,
  `flag` varchar(1) DEFAULT NULL
) ENGINE=InnoDB DEFAULT CHARSET=utf8;

--
-- Dumping data for table `tasks`
--

INSERT INTO `tasks` (`id`, `task`, `priority`, `size`, `group`, `deadline`, `status`, `flag`) VALUES
(1, 'COMP1234 assignment', 3, 2, 2, '20170219', '1', ''),
(2, 'Mow the lawn', 2, 2, 1, '', '2', ''),
(3, 'Wash the car', 2, 2, 1, '', '', ''),
(5, 'Study for midterms', 3, 3, 2, '', '', ''),
(6, 'Intramural hockey game', 1, 2, 4, '', '', ''),
(7, 'Canucks hockey game', 3, 3, 4, '20170305', '', ''),
(8, 'Buy steel-toed boots', 2, 1, 3, '', '', ''),
(9, 'Learn French', 1, 3, 3, '20161231', '1', ''),
(10, 'Hit the gym', 2, 1, 4, '', '', ''),
(11, 'Pay bills', 3, 1, 1, '', '', ''),
(12, 'Meet George', 2, 1, 1, '', '', ''),
(13, 'Buy milk & bread', 2, 1, 1, '', '', '1'),
(14, 'Read War & Peace', 1, 3, 1, '', '', ''),
(15, 'Organize the study', 1, 4, 1, '', '', ''),
(16, 'Submit COMP 4711 Lab07', 2, 2, 2, '', '1', '');

--
-- Indexes for dumped tables
--

--
-- Indexes for table `ci_sessions`
--
ALTER TABLE `ci_sessions`
  ADD PRIMARY KEY (`id`),
  ADD KEY `ci_sessions_timestamp` (`timestamp`);

--
-- Indexes for table `flags`
--
ALTER TABLE `flags`
  ADD PRIMARY KEY (`id`),
  ADD UNIQUE KEY `id` (`id`),
  ADD UNIQUE KEY `id_2` (`id`);

--
-- Indexes for table `groups`
--
ALTER TABLE `groups`
  ADD PRIMARY KEY (`id`);

--
-- Indexes for table `priorities`
--
ALTER TABLE `priorities`
  ADD PRIMARY KEY (`id`);

--
-- Indexes for table `sizes`
--
ALTER TABLE `sizes`
  ADD PRIMARY KEY (`id`);

--
-- Indexes for table `statuses`
--
ALTER TABLE `statuses`
  ADD PRIMARY KEY (`id`);

--
-- Indexes for table `tasks`
--
ALTER TABLE `tasks`
  ADD PRIMARY KEY (`id`);

--
-- AUTO_INCREMENT for dumped tables
--

--
-- AUTO_INCREMENT for table `tasks`
--
ALTER TABLE `tasks`
  MODIFY `id` int(2) NOT NULL AUTO_INCREMENT, AUTO_INCREMENT=18;
/*!40101 SET CHARACTER_SET_CLIENT=@OLD_CHARACTER_SET_CLIENT */;
/*!40101 SET CHARACTER_SET_RESULTS=@OLD_CHARACTER_SET_RESULTS */;
/*!40101 SET COLLATION_CONNECTION=@OLD_COLLATION_CONNECTION */;
